{
    "tasneemPersonalInfo": {
      "NickName": "Tasneem Mohamed",
      "EnglishName": "Tasneem Nasef Mohamed Nasef",
      "ArabicName": " تسنيم ناصف محمد ناصف",
      "Gender": "female",
      "DateOfBirth": "25 / 4 / 2004",
      "NationalIDNumber": "30404251700085",
      "PassportNumber": "",
      "EmailAddress": "tasneemnasef269@gmail.com",
      "Nationality": "Egypt",
      "MobileNumber": "0122546358",
      "Landline": "",
      "CountryCity": "النرجس",
      "Address1": "التجمع الخامس",
      "Address2": "",
      "literacy": "705",
      "mathematical": "715",
      "math": "720",
      "Biology": "725",
      "tasneemDate": "25th Mar. 2022"
    },
    "tasneemParentInformation": {
      "Name": "Nasef Mohamed Nasef",
      "Email": "Nasef Mohamed@gmail.com",
      "Relationship": "father"
    },
    "tasneemSchoolInformation": {
      "SchoolName": "Manarat El Mostaqbal American School",
      "Grade": "Grade 12",
      "YearOfGraduation": "2022"
    }
  }
  